location_id,person_id,type,distance,prev_records,no_of_people,no_of_cops,population,beat_minutes,hr,min,date,threat_lvl
3,6,fruad,1480,7,28,1,168,94,16,2,10,5
4,1,mob,2198,3,29,36,688,20,23,29,2,1
1,9,murder,2215,2,12,10,310,78,6,51,14,6
3,1,murder,3093,9,37,43,803,75,6,12,0,5
3,5,family,4636,3,30,17,479,97,19,18,6,8
4,4,murder,4933,2,23,23,56,40,8,6,0,9
1,12,mob,1598,8,16,7,620,42,21,8,16,8
1,3,rowdy,2826,6,14,44,473,48,1,18,8,8
3,6,fruad,3747,6,10,7,296,55,13,44,28,3
2,2,mob,1395,7,7,44,461,46,16,53,25,4
3,3,murder,2174,7,37,15,324,69,0,39,22,4
3,5,murder,3409,6,29,34,814,40,8,21,12,5
3,9,theft,1430,4,3,46,846,20,19,17,10,9
3,2,family,4884,9,15,45,141,96,20,22,28,9
4,10,rowdy,1223,6,36,4,667,11,18,1,19,1
1,8,fruad,3440,4,19,14,262,36,3,49,5,8
4,2,murder,1589,3,13,14,785,11,7,49,0,1
4,11,fruad,1435,4,21,16,420,30,12,10,6,2
4,5,rowdy,2795,3,37,7,744,67,3,30,11,7
3,7,fruad,655,2,27,32,241,14,8,32,30,8
2,8,theft,1570,5,29,19,355,61,8,13,21,1
1,1,fruad,2458,2,20,2,849,54,21,15,19,3
2,6,mob,3001,6,25,10,770,94,17,10,22,7
4,1,fruad,4719,3,6,17,761,29,11,32,18,9
4,2,theft,4330,6,36,37,589,70,9,6,16,8
2,1,murder,1354,9,2,12,180,47,10,30,3,8
2,11,rowdy,1139,1,22,6,66,29,6,47,2,9
2,5,fruad,2738,6,32,22,820,34,8,45,0,3
4,10,murder,2102,9,16,32,348,11,5,46,17,8
4,9,mob,941,4,18,41,171,41,18,13,26,1
1,6,murder,1836,2,5,20,474,35,15,27,20,8
1,11,fruad,4200,4,36,1,534,79,14,52,14,7
4,11,mob,1448,1,30,47,367,50,6,42,7,8
2,1,rowdy,3873,3,19,6,107,76,15,15,0,1
2,1,fruad,959,9,23,19,439,10,4,18,19,6
1,2,mob,892,5,34,18,835,60,15,16,13,7
4,9,theft,4438,6,13,6,227,14,0,58,3,5
1,3,rowdy,2287,3,29,45,444,22,18,25,4,5
1,1,fruad,2757,5,36,33,442,28,4,5,22,7
3,5,family,1638,8,22,23,396,21,6,42,12,3
3,7,murder,4308,6,36,23,728,57,18,48,27,6
3,6,murder,2954,4,9,26,581,34,21,8,23,7
2,12,murder,1966,2,39,13,84,66,4,49,14,1
4,1,fruad,4174,9,19,7,615,44,16,16,5,2
4,5,mob,1877,1,38,15,551,85,21,30,0,4
4,5,fruad,3097,1,6,44,13,14,7,11,22,8
4,6,family,641,4,15,27,809,31,0,22,18,6
3,3,family,3159,7,20,26,825,86,1,53,30,1
2,5,rowdy,1339,1,9,33,693,66,14,53,12,5
2,7,theft,4118,9,32,15,493,56,19,4,28,7
3,5,fruad,4417,4,4,36,268,63,17,42,28,6
2,5,fruad,1095,3,18,45,525,12,10,35,5,9
3,5,theft,2404,1,5,27,120,62,9,58,14,8
4,10,rowdy,780,4,20,5,970,93,23,35,15,4
3,10,murder,923,9,23,2,353,40,23,2,23,5
4,3,theft,4865,6,11,33,57,78,3,57,22,7
4,1,theft,4749,6,37,16,40,97,4,23,15,8
1,5,mob,2250,1,22,23,886,42,3,54,9,5
3,9,fruad,2467,2,4,38,336,81,12,56,21,9
1,1,fruad,4588,6,29,16,640,97,12,16,8,4
3,3,mob,4678,2,34,14,173,59,17,38,8,4
3,4,mob,3446,3,13,29,547,93,23,25,16,8
1,1,fruad,1949,4,9,26,259,25,1,3,16,1
1,1,fruad,2831,5,31,35,888,85,15,54,16,8
3,8,rowdy,2720,9,7,15,517,86,0,44,23,5
2,2,murder,4289,4,4,3,730,48,18,11,11,1
4,12,mob,3310,9,19,23,523,98,8,0,12,4
1,8,theft,2031,3,30,29,894,55,2,20,29,2
4,7,murder,3490,8,31,34,839,97,6,18,11,4
2,10,theft,4993,1,35,33,117,56,9,20,13,8
2,10,fruad,1643,9,21,41,184,53,0,51,9,5
2,2,rowdy,1433,9,31,41,906,18,9,17,22,1
1,6,rowdy,1960,2,19,23,874,96,20,42,18,7
2,6,murder,3223,4,31,7,116,59,8,51,28,1
1,3,theft,3012,8,32,3,162,86,14,2,1,9
2,11,murder,785,7,2,32,579,69,14,48,3,3
4,2,mob,764,1,10,31,712,24,2,43,18,3
4,12,mob,2867,5,2,18,543,45,4,31,6,6
3,1,family,3947,7,2,43,587,72,8,9,25,6
4,6,fruad,2262,4,24,7,237,78,21,39,14,6
3,12,rowdy,3548,1,17,41,839,95,8,14,14,1
4,5,murder,2881,9,32,1,66,89,22,4,23,5
1,11,theft,2769,5,16,14,70,50,6,3,5,6
4,9,murder,540,2,16,32,809,83,23,57,2,8
3,1,mob,567,8,39,6,447,33,22,27,5,1
3,7,murder,1487,2,31,39,416,91,11,52,30,5
2,5,fruad,4508,3,24,10,532,58,8,51,15,3
1,5,fruad,3698,1,1,7,441,27,5,50,1,2
4,2,murder,3024,2,11,26,738,16,22,52,30,8
2,11,fruad,1585,7,21,34,946,13,1,3,27,7
4,3,fruad,2979,2,4,30,464,99,8,14,6,7
4,7,mob,2193,6,7,36,921,78,16,16,29,5
2,6,family,2815,3,26,21,396,69,0,43,10,9
2,12,murder,1278,4,12,17,711,64,18,2,25,5
2,2,fruad,2085,8,31,33,551,25,5,9,29,2
2,6,fruad,1992,3,17,10,657,99,4,46,6,3
2,2,theft,1160,6,33,47,557,91,1,41,3,4
4,2,mob,1848,1,11,42,395,38,8,55,28,5
2,2,mob,1799,7,28,12,326,32,13,22,23,3
1,11,fruad,4440,8,32,16,893,23,3,17,19,7
3,3,theft,2486,8,1,41,919,88,3,0,6,5
2,2,mob,2544,3,28,32,91,58,20,34,3,5
2,4,theft,4016,1,7,15,750,42,14,52,28,6
4,9,mob,1558,9,2,27,70,34,7,57,11,7
2,6,theft,1476,6,24,28,166,30,3,30,4,8
2,1,rowdy,1227,9,4,17,642,26,15,58,22,9
2,8,fruad,3027,7,19,46,214,32,20,43,28,4
4,12,rowdy,3636,1,26,2,852,66,3,0,29,5
2,7,theft,842,1,11,36,601,90,15,2,29,5
3,10,family,1947,6,11,7,335,67,21,2,28,8
4,3,mob,2879,5,3,13,764,23,11,36,25,9
3,1,rowdy,4159,9,12,15,369,29,15,18,18,7
4,5,theft,1026,2,3,25,861,39,18,28,25,5
2,4,fruad,2396,8,27,23,584,28,7,24,4,3
3,10,rowdy,2573,5,2,22,677,62,5,32,26,1
4,8,fruad,905,2,16,26,49,65,9,35,29,9
1,1,murder,2073,6,2,33,52,86,4,28,18,5
2,10,fruad,4240,8,30,11,289,91,17,57,20,9
4,1,family,4774,4,20,10,790,32,9,25,29,4
1,12,theft,4727,2,38,25,626,71,9,3,2,5
4,4,mob,2346,5,28,37,239,42,6,48,26,4
1,8,mob,1978,2,25,48,133,27,17,13,25,2
2,5,murder,2895,2,32,43,999,82,0,49,10,1
3,2,mob,1271,6,10,38,786,42,6,26,6,8
1,6,theft,1078,9,33,41,166,41,20,32,28,4
4,5,fruad,3401,4,13,45,374,70,0,21,16,5
2,2,fruad,693,6,37,24,373,63,14,47,24,6
1,11,theft,2507,7,16,40,805,26,3,2,8,8
4,11,family,1685,6,22,46,478,28,19,22,20,8
4,11,rowdy,2894,8,20,33,755,79,9,20,8,7
4,3,theft,3498,4,27,17,479,43,22,40,9,4
1,9,mob,2292,1,16,24,832,93,8,22,12,6
1,7,rowdy,1610,7,34,37,650,34,1,3,14,4
1,7,family,4505,3,32,2,591,77,13,20,21,7
3,11,mob,2761,6,26,32,682,83,15,36,30,1
1,6,rowdy,4236,2,25,24,635,83,0,42,4,5
1,8,mob,4293,9,2,9,688,97,1,30,28,4
1,4,theft,2436,1,12,4,300,94,6,20,2,7
3,8,fruad,4857,6,9,17,82,20,9,25,26,9
1,4,murder,1229,6,12,17,87,25,21,40,26,5
4,8,mob,4878,5,26,48,225,99,19,57,7,4
1,9,mob,3951,5,9,30,16,70,0,34,19,9
4,3,mob,4957,1,10,40,822,89,12,37,9,5
4,3,fruad,2640,5,32,11,358,16,0,23,12,9
4,11,fruad,2144,2,34,21,163,25,4,10,30,8
3,2,family,3300,7,20,21,610,25,15,40,28,4
3,10,murder,641,3,39,18,668,49,14,28,2,7
3,3,mob,1955,4,2,29,514,21,16,46,28,5
1,3,theft,2596,3,1,24,350,44,22,54,21,4
4,5,fruad,1825,3,36,10,909,30,15,59,7,5
3,5,murder,1713,4,24,45,681,59,12,2,28,5
3,2,fruad,1659,5,27,17,464,52,10,0,30,9
1,12,murder,4999,1,2,18,827,26,16,51,8,9
3,10,rowdy,840,4,31,42,837,41,16,53,29,6
1,6,murder,4328,8,14,48,375,50,1,18,21,4
2,5,mob,2468,7,2,20,92,15,12,45,20,2
3,6,murder,1203,9,29,37,181,97,13,48,11,3
2,1,theft,4913,5,15,45,743,36,10,21,10,2
1,5,murder,2929,4,12,18,301,29,9,13,1,5
4,9,theft,2300,8,37,17,660,34,2,48,17,6
3,12,fruad,1355,9,28,9,792,75,16,56,8,5
1,10,theft,2312,7,20,14,189,18,14,58,1,2
4,2,fruad,3366,7,39,49,859,62,8,13,1,5
4,1,mob,4142,5,24,29,862,70,9,43,2,9
2,10,mob,682,4,21,31,314,47,7,15,15,4
1,11,mob,3612,1,10,4,493,12,20,32,18,2
4,9,mob,4992,7,14,18,923,93,12,12,3,3
3,10,murder,2017,1,37,20,922,79,17,37,22,3
3,9,mob,1856,1,18,47,128,64,4,48,24,9
2,9,murder,2674,5,24,43,519,10,5,11,17,4
4,6,rowdy,4129,9,14,44,426,79,16,54,19,1
1,8,mob,4128,6,34,9,559,54,10,50,24,1
3,11,fruad,4596,3,12,13,565,56,19,37,29,7
4,1,fruad,3739,3,22,15,187,88,15,38,17,7
4,10,theft,4191,7,6,27,550,35,8,32,9,2
2,4,theft,518,6,36,15,453,23,1,32,10,9
3,1,fruad,3903,9,36,28,471,63,4,28,28,9
3,8,mob,3504,6,22,37,988,80,0,4,16,5
1,1,murder,1632,5,14,19,738,55,3,5,25,3
3,3,murder,3839,7,16,26,565,40,3,30,23,3
1,4,fruad,3811,1,36,26,911,97,21,15,24,3
3,8,mob,3872,7,25,25,224,68,2,30,22,6
2,6,fruad,1487,3,32,26,154,38,8,24,23,4
3,10,mob,3821,9,33,26,560,26,21,47,19,8
1,12,family,673,6,36,46,351,23,22,45,15,5
1,7,rowdy,4241,9,20,28,147,45,11,32,19,1
2,8,theft,3552,5,18,49,905,67,9,12,12,9
3,2,murder,1226,7,38,18,576,33,1,51,1,1
3,10,fruad,4260,4,3,32,349,72,10,9,23,6
2,11,fruad,2375,7,23,3,182,34,9,23,30,1
3,8,theft,4533,1,32,2,637,68,21,9,26,3
3,3,rowdy,1489,7,16,33,179,41,5,40,1,5
1,7,rowdy,4244,8,5,42,39,91,17,30,24,7
3,3,murder,3186,5,4,19,772,27,1,12,13,8
3,7,family,919,2,21,17,894,46,1,2,3,9
2,11,murder,1093,5,14,44,3,35,9,58,16,6
2,12,theft,2274,6,39,33,64,18,15,49,12,9
4,2,theft,2959,2,31,12,29,73,11,51,3,8
1,10,fruad,1435,6,14,49,372,81,0,33,2,9
3,6,theft,4308,6,6,3,523,29,20,48,11,4
3,3,murder,831,1,12,43,97,63,7,27,21,9
4,3,murder,3949,1,16,49,870,95,15,18,22,7
3,9,theft,3202,3,17,26,442,92,17,22,7,5
1,7,rowdy,4506,3,23,35,203,39,12,44,1,5
4,5,theft,4368,4,14,8,411,62,14,31,5,1
1,12,murder,4700,2,7,36,993,72,20,12,30,2
4,10,mob,701,9,32,7,21,20,11,32,21,3
4,7,fruad,2997,7,15,46,551,40,7,33,9,8
2,9,fruad,2342,7,17,46,735,58,9,32,11,6
1,1,fruad,2366,6,34,36,102,96,13,55,20,5
3,7,mob,2496,3,5,16,46,28,4,4,9,1
3,6,fruad,1409,6,27,24,66,21,17,55,9,9
1,10,murder,4805,8,23,1,603,24,18,2,22,3
3,12,mob,3689,8,14,49,164,40,14,59,2,3
3,9,mob,1270,9,15,25,971,52,5,6,19,2
1,1,murder,3655,1,33,10,111,46,10,23,9,4
4,4,mob,3001,1,31,16,338,88,20,21,28,2
1,9,murder,3214,3,35,16,123,38,10,44,8,9
4,4,theft,4085,3,17,8,705,35,19,22,19,7
3,10,mob,2128,8,28,29,447,11,19,29,18,8
3,3,murder,886,1,19,39,611,93,20,59,13,3
3,9,theft,3921,2,23,28,291,24,17,17,1,6
2,2,theft,4508,2,32,6,671,13,17,31,4,6
4,4,rowdy,4593,3,13,16,412,95,9,55,19,1
2,6,theft,4863,6,20,20,615,59,1,52,28,6
2,2,mob,2966,1,35,16,897,47,8,6,28,3
1,8,rowdy,2782,2,5,7,281,32,13,32,7,3
2,8,murder,2356,1,9,41,43,68,18,4,6,3
1,1,rowdy,2498,5,29,14,486,99,9,48,5,8
1,12,fruad,1736,7,6,43,596,84,22,27,10,5
2,3,rowdy,4644,8,25,26,963,37,3,7,11,4
4,10,fruad,1650,1,31,26,703,75,5,14,17,9
4,9,mob,4818,7,22,14,51,17,13,51,18,9
4,5,murder,1931,5,2,7,898,38,3,3,9,1
4,6,theft,2319,1,5,33,210,20,14,33,24,2
4,4,mob,2824,3,27,26,126,27,15,4,28,8
2,10,mob,1630,7,25,45,492,64,6,32,24,5
2,2,mob,3158,1,8,20,509,59,16,56,30,7
3,11,theft,4000,7,1,3,960,23,18,4,20,1
4,8,rowdy,874,5,20,4,970,83,18,37,13,5
2,11,murder,2620,1,23,26,581,18,16,33,2,3
3,6,theft,4520,1,32,11,777,20,5,57,17,2
4,5,mob,2521,1,11,2,258,72,10,25,23,2
1,9,fruad,4205,9,39,14,930,85,15,0,14,9
3,1,fruad,3759,3,24,44,188,76,7,3,5,4
2,5,mob,3935,5,11,30,230,62,10,38,9,4
1,6,mob,2389,9,29,49,189,48,6,53,26,7
1,5,family,2323,6,26,12,415,87,23,25,11,2
1,6,fruad,1974,9,16,26,10,65,21,32,6,3
3,6,fruad,2742,8,35,44,114,37,18,32,16,3
2,7,theft,3743,8,20,33,76,84,9,7,0,6
1,4,murder,3634,1,3,13,676,48,8,19,25,3
4,11,murder,2570,9,1,14,502,34,3,15,17,5
1,8,theft,859,6,1,24,85,30,22,20,25,4
1,7,murder,2541,9,17,34,49,19,14,44,14,3
3,9,mob,1641,3,2,44,495,52,12,54,18,8
3,7,mob,2135,3,29,26,838,24,1,55,27,3
2,3,rowdy,4500,6,20,21,689,92,1,25,0,6
4,3,mob,2443,9,6,28,387,57,15,22,29,7
3,8,theft,3861,7,8,48,970,95,8,17,4,7
1,5,murder,3480,3,29,36,389,30,12,30,14,2
2,4,family,506,3,33,40,218,69,2,51,30,3
1,8,mob,3767,2,3,2,701,59,8,41,2,4
1,6,theft,2091,9,35,42,981,32,12,11,0,7
3,2,murder,3764,3,5,9,346,22,20,0,7,2
2,4,rowdy,3106,5,27,23,230,78,21,41,11,3
4,12,theft,3719,9,12,15,255,13,1,8,26,7
4,11,family,3773,8,20,13,236,87,7,2,21,7
3,4,mob,1413,2,20,23,26,81,8,59,24,3
3,6,murder,2511,3,9,17,584,18,15,50,18,1
2,6,murder,1942,2,39,48,261,44,1,25,24,3
4,1,family,3554,8,4,2,766,30,5,8,24,5
4,8,murder,4046,6,19,20,271,67,21,41,30,7
4,6,fruad,4721,6,38,20,123,27,7,50,11,4
1,3,murder,3428,9,27,46,656,81,4,15,30,1
4,9,theft,2329,8,13,3,257,90,8,23,12,6
1,2,theft,1075,4,13,12,656,52,0,49,27,2
2,11,theft,1429,4,22,40,421,15,8,13,0,3
1,8,fruad,4259,9,28,2,259,95,9,2,18,4
2,10,mob,4199,1,22,36,948,87,22,33,5,6
4,3,family,1963,2,19,14,47,76,3,32,7,6
4,12,rowdy,3775,2,8,16,863,21,2,49,3,7
2,5,fruad,1554,6,8,19,525,21,9,23,4,5
3,6,mob,2400,4,26,34,888,75,14,8,24,7
2,10,fruad,1957,3,26,44,208,11,10,12,21,2
3,6,murder,1899,3,23,46,311,24,13,1,27,1
1,4,mob,3915,3,13,6,747,32,5,6,6,8
1,3,fruad,942,6,28,13,149,38,11,47,22,1
1,4,theft,4150,8,9,36,834,90,12,20,3,2
4,1,murder,1678,7,20,22,438,16,16,18,19,6
1,4,mob,4958,4,19,18,155,37,15,24,3,1
3,1,fruad,1757,4,39,12,678,23,2,46,29,3
1,12,murder,4134,2,12,30,90,53,1,21,14,7
2,1,murder,2341,1,15,40,698,39,10,10,26,8
2,10,fruad,2809,9,31,7,830,90,8,32,20,4
4,6,theft,1410,2,14,32,358,41,2,31,4,3
2,5,fruad,4840,8,11,48,174,79,17,20,23,1
3,11,murder,4509,9,26,19,217,97,19,38,8,9
1,4,theft,2669,4,27,6,907,15,14,19,1,6
4,11,family,2672,8,11,20,456,36,13,7,26,6
1,3,murder,623,9,38,27,776,91,1,41,6,9
1,1,fruad,3658,5,34,43,609,97,16,36,16,1
3,6,fruad,1285,7,19,37,629,33,21,8,15,6
2,2,mob,2916,4,6,48,199,43,7,24,16,5
2,8,fruad,1296,1,38,7,832,49,9,24,19,6
1,10,rowdy,4672,3,28,5,486,56,17,32,25,8
4,5,fruad,4654,5,1,11,533,88,18,1,22,5
2,7,mob,2436,3,35,15,200,84,7,18,1,2
4,10,fruad,2656,7,8,3,371,95,7,45,10,2
2,12,murder,4307,9,7,5,959,33,2,19,1,5
4,2,family,1801,6,11,23,853,74,2,41,0,3
3,8,murder,4663,1,39,37,448,27,11,40,25,3
4,2,theft,3640,7,4,9,248,53,21,41,1,8
3,4,murder,3736,3,25,15,788,85,16,28,28,7
3,1,fruad,2852,5,12,3,264,66,3,5,30,1
4,5,theft,2432,4,26,29,58,37,16,16,22,5
3,9,fruad,3221,5,38,6,302,80,13,59,8,9
1,1,murder,864,5,12,17,31,32,18,24,21,4
3,9,theft,2890,6,37,26,498,94,8,37,25,1
2,11,rowdy,1446,6,24,21,249,43,20,3,1,8
4,8,fruad,1877,8,16,8,605,20,11,29,27,5
1,6,murder,1939,8,13,21,777,95,4,19,14,2
4,7,fruad,3680,9,25,11,271,44,10,2,9,1
2,3,fruad,840,8,4,38,606,51,19,22,14,3
2,1,theft,3489,2,11,8,666,37,2,50,9,9
2,5,murder,882,1,32,42,394,91,20,17,28,1
3,12,mob,2056,2,7,24,797,87,14,25,24,4
3,12,theft,799,2,11,35,502,91,13,55,22,8
4,2,family,638,3,28,14,592,33,10,35,26,8
4,5,rowdy,858,7,23,14,804,17,19,7,16,8
1,8,rowdy,2022,2,23,10,84,62,7,16,27,8
1,11,rowdy,3956,1,28,12,365,81,3,30,8,4
4,9,fruad,2127,6,26,38,886,13,11,36,17,8
3,2,rowdy,1803,9,25,44,549,14,7,44,3,9
2,12,theft,1634,3,29,46,342,58,5,56,8,7
4,3,mob,2686,6,19,34,839,39,14,32,15,2
1,3,rowdy,3670,3,33,41,407,81,11,26,3,9
3,1,mob,4335,1,36,10,425,72,15,44,15,8
4,8,mob,2651,5,14,17,744,56,15,3,18,5
4,6,fruad,1737,4,14,17,93,35,20,21,0,3
3,12,fruad,4235,7,35,3,848,66,19,25,22,7
4,8,fruad,3334,6,30,31,614,46,19,31,30,2
3,11,theft,4760,7,28,1,412,16,3,23,5,3
2,9,rowdy,1498,5,17,12,432,49,10,45,9,9
3,5,murder,3067,4,3,39,678,48,12,34,15,4
3,12,theft,1807,7,16,4,159,71,8,36,3,4
3,3,theft,1156,7,30,42,14,87,3,31,21,3
4,5,family,3160,6,29,13,373,62,11,6,21,5
4,5,rowdy,2711,8,15,34,225,13,8,32,12,3
3,5,rowdy,2409,4,25,42,505,91,12,30,15,9
4,3,rowdy,4230,5,38,21,73,34,15,54,19,3
1,11,theft,2546,4,38,22,249,16,5,11,29,2
1,10,theft,3662,1,23,4,511,37,9,10,28,5
4,4,fruad,1640,8,25,18,603,78,12,23,5,6
4,9,fruad,766,1,7,5,216,76,6,7,25,1
3,10,murder,2345,5,22,19,973,29,18,31,10,6
2,9,fruad,2208,6,17,2,602,92,23,56,23,3
4,2,murder,4130,6,18,12,541,20,18,37,28,4
1,8,family,3711,5,10,17,947,76,16,59,2,6
3,8,mob,2793,3,10,10,817,96,12,21,19,8
4,7,family,4232,5,7,34,939,16,12,33,9,9
1,8,fruad,4329,8,38,6,988,32,20,18,28,6
1,3,murder,2010,2,27,8,220,70,1,51,27,7
2,6,mob,975,6,33,11,840,80,9,19,29,5
3,1,murder,1476,9,1,12,727,43,21,55,30,9
3,7,mob,1707,8,34,9,221,28,12,13,0,4
2,1,murder,2460,8,4,2,389,67,8,32,19,6
2,9,rowdy,1057,8,17,8,554,18,0,9,10,5
3,1,mob,1382,7,4,11,647,57,13,15,25,1
3,1,theft,2694,8,26,36,42,91,15,3,25,5
4,7,rowdy,3167,6,4,10,676,50,19,26,11,5
4,2,rowdy,2110,2,1,21,873,57,14,27,13,9
2,5,rowdy,3988,2,7,20,283,54,0,42,24,1
4,8,murder,2954,8,30,48,58,34,16,15,7,5
1,8,theft,4994,1,9,8,814,87,23,58,10,7
4,3,rowdy,2446,6,35,36,834,34,12,51,3,6
4,7,fruad,3308,6,8,29,537,28,14,32,27,6
1,3,fruad,4325,4,24,42,73,48,15,47,6,7
2,6,rowdy,4036,3,19,12,885,88,15,18,9,6
1,6,theft,4302,3,36,14,923,89,1,20,18,5
4,3,mob,4677,1,27,48,129,36,16,21,24,5
2,7,mob,2470,3,32,21,599,83,10,8,25,9
4,3,fruad,4322,4,14,22,842,72,7,8,3,8
1,8,mob,3319,5,18,21,426,77,19,8,1,4
1,10,theft,1402,3,28,44,948,28,2,26,25,4
4,4,fruad,864,6,29,30,665,37,11,16,20,5
3,1,mob,4758,5,16,39,694,94,19,43,17,3
3,4,theft,3619,3,35,20,125,87,15,56,13,8
1,7,rowdy,3058,6,31,24,67,42,13,44,25,7
1,11,murder,2363,6,4,23,6,19,15,7,15,5
3,4,theft,615,8,37,7,637,92,20,15,21,3
3,6,murder,2884,2,17,9,314,39,16,17,10,5
4,9,theft,4435,1,39,1,326,31,10,58,9,3
4,1,family,2990,4,26,26,565,12,16,32,16,5
3,5,fruad,1442,7,39,38,578,91,18,0,13,1
4,11,murder,2224,3,4,38,826,84,21,11,21,6
4,7,fruad,2834,3,30,44,506,57,0,5,3,4
2,1,murder,3267,5,30,22,82,11,11,40,18,4
4,4,murder,1637,5,22,44,599,85,14,54,1,8
1,6,mob,3027,3,11,10,2,63,17,4,6,2
4,2,mob,4617,9,2,6,204,15,22,58,8,4
4,10,fruad,3920,4,12,17,662,49,13,15,27,2
3,5,theft,4406,3,30,38,805,11,0,17,18,1
1,11,murder,4137,2,36,24,404,82,12,48,15,3
4,10,murder,3453,9,18,10,103,11,14,17,21,8
4,1,rowdy,2867,4,26,8,536,83,6,0,24,6
2,6,mob,4721,3,7,21,368,64,14,18,15,7
4,6,fruad,776,7,1,6,212,81,19,53,17,2
4,4,rowdy,2499,8,26,21,577,69,9,7,22,6
2,8,murder,1727,2,23,39,961,15,13,2,20,8
3,4,theft,4252,7,26,24,209,28,5,57,20,8
4,8,fruad,4235,5,6,33,763,36,13,24,10,4
2,8,mob,1195,5,6,18,897,10,23,57,6,6
1,5,fruad,1809,3,8,28,117,42,21,4,8,5
3,4,theft,4652,5,24,32,628,49,11,54,3,9
1,12,theft,3734,2,22,12,749,41,10,39,24,8
1,2,mob,4614,4,19,48,478,78,19,18,30,2
2,11,fruad,2811,6,37,42,105,26,21,17,29,7
4,3,murder,3341,1,18,27,495,17,23,49,12,7
2,3,mob,4708,4,31,10,771,66,18,52,26,1
2,4,mob,4059,6,37,46,46,51,1,30,25,1
2,4,family,3898,9,30,42,823,18,21,32,24,4
2,10,fruad,1041,2,33,32,331,96,19,46,28,5
3,11,fruad,3194,7,10,42,216,44,0,17,3,4
4,11,theft,1588,6,37,26,982,80,7,56,18,7
1,5,mob,3863,2,12,25,960,88,13,38,1,3
1,4,rowdy,524,8,30,11,492,62,8,15,8,7
4,11,theft,2072,7,27,23,813,63,1,15,11,8
1,10,theft,3458,5,39,34,922,93,22,46,1,6
4,8,murder,4736,5,9,40,845,34,4,37,5,6
1,6,mob,2267,7,21,23,449,76,22,40,4,8
2,6,fruad,2735,9,12,29,536,71,7,6,29,8
1,8,theft,700,9,29,31,511,64,15,13,4,7
4,7,theft,3698,9,33,7,458,55,21,42,19,6
4,10,fruad,756,6,15,40,547,33,15,52,21,6
4,11,fruad,4247,6,2,33,536,55,12,47,4,6
4,12,murder,2741,3,39,21,540,31,19,24,26,8
4,10,mob,3675,1,18,2,484,20,14,31,3,1
3,8,mob,4106,7,3,18,976,57,0,37,28,5
3,2,fruad,3836,4,7,47,16,17,21,21,8,3
1,9,theft,913,1,18,33,571,48,2,58,28,8
4,1,rowdy,2514,8,38,37,977,44,5,15,21,6
1,8,mob,1881,6,37,34,243,58,21,51,26,2
4,12,mob,1598,6,33,20,950,55,13,28,9,7
4,11,murder,3926,2,31,35,207,47,3,15,15,7
3,12,mob,4155,1,11,18,912,17,17,11,9,5
3,12,rowdy,1409,2,4,46,271,63,14,16,28,8
2,4,mob,687,4,18,24,761,46,8,36,9,5
3,4,rowdy,4544,2,4,8,994,49,17,26,28,1
2,5,mob,4256,1,34,30,779,43,2,24,18,9
2,8,theft,2515,7,29,44,705,88,9,12,9,4
2,5,mob,2592,8,24,10,847,26,16,7,5,2
2,8,murder,4144,6,22,23,730,42,6,55,29,4
2,10,mob,2630,4,2,49,115,56,14,4,16,9
1,1,theft,857,6,6,11,580,61,0,11,4,2
3,12,murder,2922,3,25,2,299,89,10,40,25,4
2,10,fruad,4757,8,21,26,837,18,16,2,5,2
4,9,theft,1997,2,16,36,483,42,4,34,30,5
3,6,rowdy,2658,5,31,33,397,69,6,32,26,3
3,3,rowdy,3055,1,14,47,394,86,18,56,23,2
2,8,fruad,2842,6,39,13,75,30,23,21,26,9
1,9,murder,3451,2,28,40,978,67,14,49,30,5
2,6,fruad,1738,4,32,25,482,94,2,55,14,5
1,11,theft,1473,6,28,4,103,78,14,43,24,1
4,7,fruad,4465,8,9,42,297,19,4,8,26,6
3,1,theft,1550,8,22,19,178,15,22,40,18,7
4,5,mob,4201,6,32,18,215,22,11,17,17,1
1,5,theft,3280,4,5,37,967,74,19,49,28,9
1,10,murder,2088,8,23,30,315,29,4,28,3,8
4,4,mob,4378,8,5,19,39,66,2,38,7,8
1,6,fruad,2868,1,32,23,259,55,8,26,26,7
4,7,mob,936,4,10,16,716,17,8,35,15,5
3,9,theft,3328,4,39,1,7,19,6,44,23,3
4,1,mob,2056,7,15,12,49,82,1,16,18,9
3,6,theft,4358,7,7,24,538,76,22,55,19,7
4,7,fruad,1804,8,29,34,161,20,22,33,2,8
1,3,rowdy,2884,5,3,8,869,21,20,45,9,6
4,8,fruad,682,7,19,18,176,19,15,2,1,5
1,5,fruad,2089,8,10,48,591,34,8,4,3,8
4,9,murder,2087,9,28,5,2,58,12,13,5,3
4,5,mob,1159,3,29,26,895,58,18,2,10,7
2,9,rowdy,659,3,15,30,455,98,19,22,13,2
1,10,mob,4453,4,35,13,928,20,16,38,15,3
2,4,murder,1511,5,6,19,644,71,5,29,26,2
1,9,murder,552,1,12,29,276,45,3,49,20,5
2,5,theft,2807,7,38,3,498,48,0,44,18,7
3,10,murder,1728,9,13,26,629,62,17,22,1,1
4,9,theft,1535,8,29,40,676,99,18,26,24,9
1,3,fruad,4202,5,19,12,800,87,8,53,30,1
1,4,mob,4545,4,3,2,28,65,12,9,16,1
4,9,fruad,4949,7,8,11,333,10,7,24,8,8
1,10,mob,1764,5,8,44,1,65,22,12,16,6
1,11,murder,2384,7,20,28,188,13,12,15,14,6
2,6,fruad,2309,1,4,18,56,39,14,40,29,9
1,2,fruad,3667,1,21,13,547,21,10,33,6,4
3,7,family,4297,3,3,37,112,44,11,54,21,8
3,2,rowdy,2841,2,8,22,798,86,13,36,22,4
4,11,rowdy,3914,2,23,12,310,61,3,21,30,2
1,2,rowdy,1317,7,16,2,36,40,0,16,18,8
4,11,mob,2937,2,13,37,439,96,23,22,29,7
3,1,murder,1388,4,3,7,729,77,3,53,2,4
1,11,theft,1167,2,9,26,592,61,18,35,28,9
1,11,rowdy,3124,6,14,26,826,89,8,48,26,9
4,12,rowdy,4732,8,13,24,595,16,9,8,0,8
3,11,theft,1318,4,7,12,577,31,3,51,3,1
1,3,fruad,2688,5,15,16,325,84,19,1,27,7
4,6,theft,1606,4,7,23,640,65,8,31,17,5
3,8,murder,2724,3,38,40,307,67,12,55,25,7
4,9,theft,697,5,34,9,534,73,11,49,7,9
2,7,murder,3171,9,22,32,728,21,10,52,18,2
1,4,murder,3992,8,24,15,619,16,11,58,22,4
2,6,mob,2948,8,37,37,109,64,17,21,22,4
3,5,murder,970,8,1,13,372,71,11,42,27,2
2,8,mob,2448,8,10,5,357,99,15,12,24,3
2,1,murder,4399,7,16,11,181,82,4,7,5,8
3,1,rowdy,2510,8,8,10,356,86,19,58,0,9
4,11,murder,4300,8,25,13,676,64,11,0,7,6
2,6,murder,4618,8,12,41,68,45,20,16,0,2
4,10,murder,4296,7,25,46,292,98,10,11,18,2
2,12,fruad,4488,1,17,15,692,33,8,3,10,7
4,2,rowdy,734,4,26,42,181,53,17,52,20,8
3,5,mob,1428,4,14,7,466,26,2,12,23,8
2,1,theft,4107,5,36,40,434,11,19,30,24,6
3,7,mob,1022,6,23,28,464,22,16,40,14,8
2,1,fruad,4023,4,6,32,681,40,13,58,22,1
3,4,rowdy,2129,2,5,35,914,37,0,6,24,9
3,9,murder,1816,6,25,15,534,69,16,22,10,1
2,1,fruad,3357,8,18,48,66,36,7,23,18,3
2,4,murder,1624,8,13,36,21,24,4,4,28,9
2,6,mob,3087,7,14,21,612,88,4,4,20,5
1,6,murder,1523,6,28,6,384,42,8,16,9,9
4,12,murder,1878,2,18,1,812,29,2,29,23,9
1,8,theft,3874,7,28,4,615,51,18,8,11,6
1,1,fruad,2019,5,27,11,559,21,22,5,0,1
3,7,fruad,726,6,32,44,39,82,8,24,23,7
2,1,mob,1391,8,9,26,285,32,21,18,6,6
4,7,theft,4572,8,32,37,822,81,17,15,16,9
3,3,rowdy,2757,3,20,23,602,23,15,20,28,7
1,11,mob,3288,7,28,29,597,34,0,1,28,4
2,8,rowdy,896,1,33,21,785,86,1,9,25,7
3,3,mob,2578,1,4,48,336,94,13,15,27,2
2,1,family,4924,7,34,45,188,40,13,36,9,6
3,8,mob,3737,9,3,45,671,63,0,14,30,6
2,3,murder,4393,7,26,49,243,14,15,12,27,2
1,2,theft,2505,5,8,27,73,22,14,12,5,4
4,1,murder,2516,8,6,39,479,37,14,31,16,8
1,3,theft,3671,2,16,40,974,52,11,44,17,8
4,2,rowdy,3168,9,24,13,561,98,15,46,4,8
2,2,theft,2378,6,39,23,101,56,13,45,17,8
3,6,theft,1696,9,30,16,514,80,23,7,29,1
1,12,mob,2272,2,13,30,756,47,14,42,25,2
4,1,fruad,661,3,5,4,176,76,22,17,16,4
1,2,mob,4476,8,25,40,238,71,14,55,21,9
4,6,fruad,2251,1,20,16,910,48,18,35,15,3
1,3,fruad,1275,7,18,31,59,46,7,25,7,6
4,4,mob,1439,7,18,42,865,95,1,9,23,7
4,1,mob,3720,1,2,25,99,17,1,30,12,8
2,8,fruad,1039,9,10,44,954,90,9,32,28,7
4,7,theft,1961,8,12,12,871,61,2,28,23,3
2,7,mob,855,4,13,26,954,42,22,4,15,6
4,3,murder,4104,5,11,37,495,90,16,12,10,5
3,10,mob,3823,2,19,48,947,51,7,0,5,4
3,10,fruad,734,9,35,33,980,85,22,22,26,1
3,3,murder,2048,6,39,28,514,36,3,39,2,7
4,2,mob,2596,3,26,9,755,17,13,2,0,8
2,12,mob,4713,7,14,12,297,32,20,2,17,2
2,1,mob,2601,9,24,5,211,73,9,6,4,7
4,7,rowdy,2173,3,1,28,123,29,0,35,12,6
3,7,mob,2600,2,22,35,229,25,3,34,9,5
3,12,fruad,4157,7,23,5,594,26,0,14,4,4
2,2,mob,4096,7,19,34,656,89,16,39,25,2
3,7,theft,4248,4,18,46,388,28,16,2,13,6
1,8,murder,3673,9,12,34,140,17,6,28,16,5
2,1,murder,2315,8,28,13,541,47,22,29,0,2
3,9,fruad,4341,1,28,39,391,47,19,38,30,7
2,7,rowdy,2505,1,33,42,270,62,14,17,24,6
1,3,fruad,4993,5,19,45,759,99,12,10,1,9
2,8,theft,1174,6,28,48,12,40,1,42,6,5
2,7,theft,886,3,37,14,867,53,18,48,9,9
2,11,mob,2658,9,26,11,389,69,23,59,19,9
2,8,murder,3161,6,35,42,337,85,12,37,6,1
1,6,theft,2564,4,34,38,506,26,23,39,23,5
4,9,mob,4351,7,35,4,106,88,10,0,15,9
2,5,rowdy,3753,8,16,33,32,82,21,28,4,7
2,3,theft,4766,9,38,7,74,48,14,9,28,6
3,3,murder,1239,6,13,41,171,51,9,27,27,6
2,1,fruad,1901,6,23,8,849,57,8,56,11,7
3,12,fruad,3759,8,22,37,69,21,8,30,16,1
4,8,family,2777,5,16,10,813,98,19,18,15,4
1,2,theft,4404,3,28,43,362,27,0,2,19,1
1,3,theft,4423,3,35,15,649,88,16,35,25,6
4,8,family,4714,6,8,38,433,15,11,42,15,4
1,8,rowdy,3727,2,22,15,929,52,9,14,18,1
4,11,fruad,3331,6,21,5,996,44,4,32,25,9
4,4,mob,4258,6,26,29,100,63,17,40,14,4
4,4,theft,3012,8,21,19,658,71,14,42,11,6
1,5,mob,2651,7,25,10,9,78,5,50,20,7
3,6,family,4175,8,1,12,574,91,6,44,9,8
4,5,mob,3245,9,6,4,697,25,16,25,28,9
2,7,murder,4366,6,23,31,29,17,5,15,25,9
1,2,murder,4264,3,23,18,893,98,7,35,28,8
4,7,murder,2722,3,23,16,114,99,11,32,21,3
4,10,theft,3292,1,32,40,462,95,20,19,1,2
2,7,mob,2197,5,30,36,921,40,13,12,6,5
3,1,theft,3962,4,13,25,143,19,11,32,12,1
3,7,theft,4563,9,18,23,390,65,22,4,2,3
3,5,murder,2024,9,23,12,632,85,9,36,14,1
4,3,mob,532,5,15,34,682,79,21,13,0,3
4,3,theft,4525,4,33,36,157,29,19,26,25,4
4,4,mob,3066,7,21,37,335,14,14,22,2,7
1,12,rowdy,3303,6,39,3,861,32,6,13,24,5
2,2,fruad,4396,4,23,9,260,18,8,39,9,5
4,2,theft,4209,2,27,18,82,67,9,3,26,1
2,1,rowdy,1219,1,18,43,754,68,9,38,26,8
2,5,rowdy,1472,4,24,35,441,89,15,51,14,4
3,4,theft,4218,4,7,34,945,63,6,18,21,5
1,11,fruad,4902,1,20,41,172,55,4,46,26,2
4,10,murder,2707,6,27,14,231,31,22,53,5,1
3,2,murder,4926,4,6,4,720,73,2,3,19,9
3,3,fruad,4820,1,27,29,75,17,17,29,14,2
4,7,rowdy,3530,1,9,41,270,29,10,18,23,6
2,7,fruad,4075,1,31,45,899,60,14,30,20,1
3,12,theft,3616,8,21,15,626,87,20,30,6,1
2,4,rowdy,3785,8,26,28,62,48,19,8,24,9
1,5,murder,1143,2,13,42,874,46,4,52,28,4
2,5,family,694,7,23,16,320,59,23,12,28,9
1,6,murder,4496,8,20,12,102,43,11,13,29,5
2,9,theft,988,8,37,5,429,84,3,54,20,7
3,2,fruad,2704,7,28,34,874,42,14,59,26,1
3,5,fruad,3157,5,17,42,722,40,8,45,29,6
1,12,murder,3776,1,28,1,954,63,6,53,4,8
4,3,fruad,1602,9,2,39,255,53,9,9,29,1
1,4,fruad,1741,7,25,32,532,43,22,47,3,9
1,10,mob,1015,2,6,26,570,80,12,30,21,3
2,6,theft,892,6,11,17,112,71,7,36,17,1
2,12,mob,1130,2,38,48,985,32,11,22,2,1
1,8,fruad,4216,1,6,27,313,55,21,26,16,6
3,1,theft,2347,7,11,24,998,65,23,5,17,6
2,10,fruad,3155,2,14,35,461,16,18,25,17,1
4,8,family,1479,2,2,46,708,98,0,1,23,3
2,11,mob,3902,5,3,42,887,70,15,44,23,7
2,7,fruad,4371,5,35,39,462,12,21,12,1,3
4,1,mob,777,7,33,26,865,47,16,50,12,3
1,2,mob,732,1,24,49,92,93,17,49,29,3
4,3,family,2052,8,19,38,52,43,10,59,21,7
1,1,murder,3770,3,18,23,805,53,17,18,14,4
1,9,fruad,2909,4,24,22,520,39,6,0,4,4
1,8,rowdy,4012,9,35,4,812,26,17,39,2,3
4,2,rowdy,525,4,1,49,98,68,7,31,4,9
1,9,rowdy,960,5,36,9,236,19,5,21,4,2
3,7,fruad,4264,7,25,4,901,93,6,47,4,4
4,9,fruad,3931,4,34,7,374,27,22,28,2,8
3,6,mob,3983,1,25,23,581,54,21,1,30,6
1,6,mob,2494,9,16,2,927,68,9,39,2,7
2,11,mob,990,4,34,49,557,71,10,37,19,7
1,4,fruad,1572,9,29,24,649,68,12,47,22,2
3,10,fruad,3673,6,19,40,234,58,8,54,27,4
3,10,rowdy,715,1,23,31,32,72,6,10,27,6
4,2,family,2223,3,19,47,289,96,8,16,27,3
2,7,mob,2092,2,25,31,638,41,12,54,29,9
4,5,murder,3106,9,16,47,579,19,2,50,17,4
3,11,rowdy,658,1,9,40,542,20,2,42,25,2
1,6,fruad,3813,9,1,48,114,79,0,59,19,6
2,2,fruad,3341,9,19,43,204,71,20,7,3,1
1,5,rowdy,2276,8,33,34,29,56,19,21,0,6
1,10,mob,2552,8,34,24,643,43,1,3,25,1
2,4,mob,2795,1,16,49,474,26,2,10,15,8
4,9,fruad,2196,8,18,26,697,63,14,7,7,5
1,6,fruad,3493,3,34,16,253,85,23,8,16,6
3,2,fruad,2969,7,25,47,798,94,5,25,7,2
1,1,theft,2446,1,6,13,905,49,12,1,6,2
2,5,family,4309,1,21,15,922,28,20,15,24,9
2,9,murder,3283,5,6,27,386,76,0,30,7,3
2,6,fruad,4144,5,32,4,62,91,19,5,20,6
4,10,rowdy,3000,8,39,16,515,62,18,52,23,5
1,12,murder,4145,7,31,30,430,73,0,20,29,4
4,7,fruad,3145,8,10,44,580,92,20,25,30,2
4,5,theft,2849,6,30,30,537,56,21,58,26,8
2,10,fruad,2432,6,18,36,691,15,1,18,25,7
2,6,murder,3794,2,24,3,141,25,14,27,11,2
4,5,fruad,2257,6,9,22,743,81,13,7,15,6
1,11,mob,1616,5,31,49,300,27,18,13,30,8
3,9,rowdy,3067,3,15,22,675,61,10,23,11,7
4,6,murder,3999,6,4,49,311,57,14,47,18,1
1,11,mob,992,8,9,12,471,52,5,43,30,5
2,8,rowdy,3806,9,9,21,393,48,19,36,9,2
2,2,theft,1119,1,26,4,642,58,8,55,6,6
1,12,theft,3732,3,4,31,445,21,4,25,11,7
3,9,fruad,4323,3,17,44,758,19,19,30,19,7
2,5,murder,2880,8,16,31,809,80,1,55,4,3
2,7,mob,2046,1,15,23,172,64,5,50,15,7
2,10,mob,4063,5,35,20,576,10,17,31,8,5
1,1,mob,2105,3,5,15,31,58,22,49,6,8
4,10,murder,4252,2,5,23,47,45,18,40,19,8
2,5,fruad,2390,8,20,28,130,30,8,1,21,7
4,12,rowdy,1775,3,15,16,352,46,20,24,25,6
3,10,murder,3243,7,18,37,978,33,23,51,13,2
2,2,murder,2993,1,2,21,845,64,5,43,10,6
2,12,murder,856,6,29,15,622,34,13,1,6,9
3,6,murder,1369,3,13,17,581,16,23,41,28,2
2,11,rowdy,1385,8,4,37,58,90,12,0,9,1
4,1,fruad,2501,6,10,13,106,80,10,35,28,5
1,3,theft,1783,2,31,19,812,80,11,56,8,6
4,5,murder,1119,6,8,30,330,33,18,11,3,3
1,4,fruad,1382,7,3,45,768,20,18,8,15,8
1,3,fruad,1296,5,9,18,824,82,20,35,9,7
4,10,fruad,4142,3,30,14,683,21,18,40,18,2
4,5,mob,3925,4,11,36,383,44,23,27,23,7
4,11,theft,1796,4,35,36,985,72,12,37,30,1
4,8,murder,744,6,37,20,162,77,13,32,16,9
3,11,murder,3395,1,13,19,997,66,23,41,8,7
2,4,family,1429,4,36,45,286,22,17,45,12,6
1,1,mob,1019,4,13,44,71,32,11,21,0,2
4,11,mob,3712,1,12,7,767,92,3,24,1,3
4,7,fruad,2909,9,37,44,454,48,9,17,12,1
4,8,murder,507,4,10,4,886,97,16,5,23,5
3,3,mob,3025,7,9,34,567,89,3,17,8,9
4,6,theft,3923,3,7,2,835,21,11,51,6,6
4,2,murder,2519,3,2,5,397,43,12,15,15,5
4,7,fruad,4782,8,23,10,515,80,3,14,18,3
2,8,theft,4167,8,39,32,26,84,9,47,6,5
3,6,theft,4171,1,39,42,313,40,2,7,5,8
4,6,theft,3301,2,21,41,126,71,14,12,17,2
1,5,rowdy,585,8,23,13,408,22,1,54,18,5
1,8,theft,3615,1,29,39,565,40,16,42,10,6
1,1,fruad,4732,8,14,5,198,11,5,59,28,8
3,10,murder,2968,8,26,10,811,24,7,56,11,8
3,4,fruad,4119,2,5,10,188,66,2,6,28,5
1,4,fruad,2136,4,31,38,698,84,17,16,25,9
4,3,mob,4083,6,25,27,817,43,21,49,9,4
3,3,theft,4509,9,31,21,810,77,0,31,12,9
1,4,family,3826,8,20,8,716,84,15,21,11,7
1,11,mob,2718,8,17,1,484,38,6,54,30,6
4,1,fruad,2717,7,2,28,450,75,2,50,20,4
2,11,murder,2869,9,25,49,523,25,22,56,9,2
3,11,mob,4138,2,13,39,871,48,3,12,19,8
4,2,theft,3003,3,39,14,354,86,8,46,17,6
1,9,murder,1443,8,28,21,986,46,4,22,3,3
1,10,mob,3337,6,6,30,658,90,18,53,27,7
4,2,theft,3160,9,3,21,597,30,14,28,23,7
3,5,fruad,3436,4,35,49,100,53,7,21,4,6
2,9,fruad,4944,8,18,9,616,28,5,0,4,2
2,9,mob,4447,3,11,17,948,80,17,28,28,8
1,8,rowdy,2176,3,20,5,558,17,18,47,27,1
3,1,fruad,1696,8,5,31,556,86,23,4,11,1
2,1,theft,4605,5,19,40,278,75,14,57,25,6
3,9,family,3287,3,22,38,693,50,6,34,2,5
3,11,fruad,1961,1,19,43,699,84,9,54,28,9
1,8,family,3818,3,16,19,990,97,5,9,7,7
2,10,fruad,1166,9,24,36,626,79,13,18,21,2
4,9,mob,2676,5,4,33,491,70,16,36,1,7
1,7,murder,4243,2,15,13,255,35,8,6,17,3
2,3,rowdy,1100,7,25,14,381,80,18,45,8,1
2,3,rowdy,3152,2,35,33,892,92,4,34,12,8
2,2,mob,4922,4,14,29,542,79,22,44,6,3
2,5,rowdy,4324,7,19,43,264,38,6,12,9,8
2,12,murder,4406,4,38,49,610,75,18,9,8,7
3,12,murder,1479,7,36,36,825,28,19,1,29,2
1,3,rowdy,2951,7,7,44,879,77,6,5,21,1
3,6,theft,1128,1,30,10,329,67,23,7,14,7
4,2,fruad,2129,6,19,31,115,79,1,35,4,1
2,12,murder,4196,9,25,6,276,66,22,24,11,6
1,3,theft,3930,2,16,1,488,46,15,43,0,8
2,5,rowdy,4174,3,8,7,281,70,12,59,11,7
1,12,theft,4429,5,18,27,275,39,7,46,21,4
3,11,fruad,3265,9,28,21,773,80,5,39,5,1
1,11,family,4869,4,16,28,843,82,5,6,18,1
4,1,fruad,615,1,19,16,719,34,8,45,18,4
4,1,rowdy,2503,4,17,46,896,74,3,22,15,5
1,10,fruad,1192,6,13,23,328,15,10,18,30,7
1,9,mob,3662,5,7,20,211,27,4,45,18,4
1,7,theft,1605,1,27,38,727,19,16,21,2,1
1,1,theft,3508,4,10,25,923,20,19,12,22,7
4,12,fruad,2661,6,34,28,552,74,6,20,9,2
2,8,mob,653,4,36,5,992,86,14,0,26,2
1,3,theft,4199,9,25,21,26,93,14,58,17,8
1,8,theft,4910,5,6,18,27,74,13,18,25,5
4,5,theft,4286,8,24,47,702,61,12,59,12,2
4,1,fruad,1564,9,18,6,83,76,10,32,25,5
3,7,fruad,4700,5,23,29,896,91,12,3,17,8
1,5,murder,2413,6,6,19,946,87,21,41,2,6
3,6,rowdy,1716,1,29,33,682,40,23,2,25,3
4,6,murder,2901,7,25,1,413,26,8,26,27,8
4,8,theft,2272,4,17,45,167,64,9,51,22,9
2,9,mob,2460,2,24,3,700,45,3,40,2,5
1,2,mob,3280,5,11,42,169,35,16,34,22,2
3,9,rowdy,3371,3,26,21,801,62,13,27,24,2
4,12,fruad,1160,6,34,35,979,26,23,5,26,7
4,11,fruad,3135,8,28,41,229,95,17,5,25,1
3,10,fruad,2829,7,3,40,979,34,10,54,11,2
2,9,theft,4454,3,11,3,609,11,15,56,30,4
4,10,theft,2950,8,38,25,367,95,0,43,26,1
1,10,mob,1632,2,14,45,528,14,6,22,19,4
4,7,rowdy,1199,9,26,38,791,13,9,32,6,5
1,1,theft,2538,4,21,45,647,45,8,15,24,9
3,7,mob,2679,1,39,20,538,15,2,23,29,1
1,10,mob,3338,8,30,44,864,30,21,4,23,5
3,5,theft,1373,7,8,45,524,86,22,40,7,2
1,6,fruad,583,5,20,34,72,98,13,41,8,9
3,10,murder,1922,5,32,21,645,35,14,12,13,6
1,7,murder,3175,7,22,48,106,64,1,46,4,2
2,5,fruad,3680,5,7,23,732,48,23,11,29,3
1,7,theft,4816,8,9,6,885,93,13,4,20,8
1,9,fruad,4475,6,1,13,965,42,15,36,18,1
2,3,fruad,1891,5,29,49,689,23,6,30,20,3
4,8,mob,3718,9,8,23,282,65,3,27,15,1
4,2,theft,4707,2,4,9,133,90,17,27,23,8
1,11,murder,1114,1,35,17,534,30,23,29,11,1
2,7,rowdy,3471,8,3,2,975,55,4,17,20,5
1,2,theft,4065,3,7,19,269,25,5,43,3,4
3,4,theft,4076,7,27,19,412,25,6,26,7,7
3,7,mob,770,8,1,7,673,93,14,34,6,5
1,3,rowdy,4566,6,27,42,619,38,0,25,14,8
4,2,rowdy,2968,9,16,42,791,17,23,56,29,1
4,11,family,1890,7,38,20,865,97,3,38,29,5
1,10,family,3854,5,7,9,747,12,0,48,5,4
1,7,murder,4635,8,23,17,18,98,10,50,4,3
3,1,rowdy,4107,2,11,27,754,28,17,59,13,5
4,8,theft,3083,7,33,47,117,75,13,17,20,3
1,3,rowdy,4573,4,36,2,798,88,21,32,12,8
3,12,murder,3575,9,37,36,794,95,10,24,9,3
4,12,rowdy,4406,1,17,19,144,83,9,55,17,1
2,2,theft,789,7,35,17,717,91,16,30,28,9
3,3,murder,2980,6,5,5,551,31,3,36,30,9
4,5,murder,3752,8,32,39,929,55,23,58,3,6
4,11,mob,778,5,3,18,666,22,14,59,7,1
3,8,murder,3424,1,35,7,688,42,15,1,23,8
2,10,theft,1080,1,14,17,961,14,20,32,10,2
3,7,theft,753,9,31,39,753,99,12,38,16,9
4,7,mob,4776,6,31,36,422,86,8,42,17,8
1,12,mob,1324,5,17,40,898,36,10,42,20,3
1,7,fruad,4332,1,24,45,369,87,10,31,24,5
3,8,theft,1199,6,23,4,646,33,5,17,25,9
4,1,theft,1880,6,18,38,558,76,0,16,10,1
1,4,fruad,4396,3,14,25,50,72,21,33,15,9
4,6,fruad,2173,8,15,5,678,57,5,38,11,4
3,9,mob,3227,1,15,30,106,72,12,6,12,4
1,2,fruad,3656,1,6,12,216,87,21,41,26,4
4,1,mob,3888,6,27,4,658,21,23,53,15,9
1,10,fruad,4807,1,15,24,923,37,21,52,22,6
3,12,fruad,883,6,36,29,425,53,4,34,25,8
4,2,murder,841,1,8,9,72,52,14,29,20,4
1,7,mob,2487,6,15,4,988,26,17,11,0,3
3,3,mob,4559,3,3,24,842,49,19,34,30,1
1,10,rowdy,3609,8,13,14,785,58,13,10,15,7
1,2,rowdy,4582,6,34,5,759,94,14,43,14,4
2,11,mob,3298,1,24,18,446,66,4,56,5,8
2,7,murder,3740,5,32,42,925,96,3,3,11,3
3,2,mob,2488,8,32,19,186,93,1,24,7,1
2,3,rowdy,3914,3,30,12,70,73,6,47,6,5
3,11,fruad,2349,6,13,18,974,84,9,31,1,2
2,7,theft,805,5,1,17,150,66,15,19,11,3
1,4,fruad,4113,6,34,30,246,83,9,49,20,6
3,1,mob,3249,1,15,24,774,83,17,30,13,3
3,5,theft,1635,7,14,11,538,79,16,3,15,3
1,12,family,705,9,29,35,935,97,20,53,10,6
3,9,mob,3950,2,34,23,652,85,12,37,19,5
3,8,murder,4311,5,18,17,99,52,0,52,8,9
2,12,mob,4122,4,7,1,910,32,0,46,9,1
3,9,theft,4099,6,29,15,278,36,14,0,16,3
4,10,theft,3051,6,31,32,563,67,0,2,11,3
1,9,rowdy,4808,2,25,9,663,46,5,36,5,6
2,7,murder,809,2,38,15,944,15,12,21,18,8
2,4,family,3208,4,14,28,455,74,0,16,10,3
4,5,fruad,2491,1,8,24,104,15,4,13,8,3
1,1,murder,771,9,27,35,946,59,8,40,20,6
1,1,theft,4142,7,2,22,601,31,16,34,28,8
2,3,murder,4586,7,17,27,653,97,15,57,5,6
3,8,mob,2322,3,37,19,725,34,7,12,26,3
2,2,theft,3773,3,14,45,233,88,16,34,24,4
1,4,rowdy,4849,1,25,12,394,99,14,42,24,1
4,2,fruad,1020,3,30,20,501,81,23,1,23,8
2,5,murder,1476,3,29,1,695,60,0,55,24,4
1,9,rowdy,4222,4,20,21,251,97,11,46,15,6
2,1,fruad,4051,4,21,49,521,57,4,12,19,3
3,5,mob,4605,3,22,45,79,79,23,50,15,6
2,9,theft,3273,8,35,1,52,74,5,53,5,9
2,1,theft,3052,8,37,10,898,69,0,15,4,9
1,9,murder,3332,1,16,47,921,55,0,17,20,3
1,8,fruad,4407,7,17,32,781,45,9,6,3,3
1,4,rowdy,652,2,16,39,226,67,9,44,1,4
2,12,mob,3464,1,2,22,51,85,2,35,27,7
3,11,mob,3416,3,4,18,186,47,16,40,5,3
4,10,mob,3300,4,21,48,34,20,18,29,8,8
4,5,rowdy,2252,6,39,46,803,21,10,41,27,8
1,5,murder,3110,5,34,32,742,51,17,40,16,6
1,11,theft,4375,4,30,27,131,48,1,6,13,4
2,12,theft,1604,8,6,28,632,80,8,14,6,5
4,6,mob,3036,4,17,18,443,20,23,59,21,2
1,7,murder,4699,2,39,39,838,45,16,39,18,6
3,8,fruad,4354,3,25,49,759,61,13,18,0,3
3,8,mob,3994,6,5,29,432,40,3,42,28,6
1,11,fruad,2414,8,5,18,704,42,16,36,19,5
1,2,theft,3572,8,20,44,497,22,16,1,30,2
4,9,mob,1506,9,16,8,403,27,11,41,29,5
4,7,theft,906,7,37,31,323,50,19,47,24,5
2,4,theft,666,2,9,34,210,67,17,54,14,9
4,4,mob,1008,8,5,7,615,65,2,12,17,8
3,11,murder,2161,7,2,36,329,33,10,39,2,7
3,8,murder,4164,8,9,18,372,82,17,40,17,3
1,4,fruad,3989,3,36,38,460,40,3,42,29,4
4,6,theft,1180,7,22,9,133,64,16,42,1,6
2,5,theft,3024,9,22,9,835,19,17,54,9,3
3,3,fruad,2620,3,22,46,651,69,4,57,10,9
3,10,theft,4857,6,34,8,121,11,13,30,26,8
2,11,mob,1863,2,29,35,606,24,9,15,23,6
2,2,theft,1831,2,38,18,452,12,14,41,2,4
3,9,murder,2792,5,33,5,965,52,0,55,6,7
3,10,theft,2038,5,18,14,129,40,15,43,7,3
2,9,mob,3908,7,7,28,91,79,10,56,18,8
3,1,fruad,1060,2,1,30,604,76,22,5,17,1
1,10,mob,1599,7,33,4,575,65,19,27,12,3
1,3,rowdy,2403,5,1,39,29,72,5,31,12,5
2,8,mob,674,6,24,20,722,84,23,43,23,5
4,6,rowdy,2656,8,4,25,524,24,21,9,18,2
2,5,fruad,2730,4,4,28,333,19,15,49,22,8
2,5,theft,4787,7,18,12,297,47,1,17,11,5
4,6,mob,4660,6,27,2,130,56,0,3,16,7
4,7,murder,4420,2,32,43,293,66,23,8,29,7
4,1,murder,1997,8,33,14,173,59,23,6,30,5
1,9,murder,4354,9,28,22,720,80,8,49,27,8
3,3,mob,3671,5,36,31,944,24,21,7,21,9
1,4,theft,2067,4,6,23,24,27,11,42,11,4
3,10,murder,1651,6,16,48,99,91,16,6,27,4
1,1,fruad,868,8,34,20,406,97,14,40,12,8
3,11,family,542,3,23,38,356,11,18,39,24,1
1,10,mob,2407,1,24,4,139,93,21,2,11,4
4,3,theft,3990,4,13,15,503,52,9,16,18,6
2,2,murder,3035,4,18,24,826,35,11,1,13,4
1,2,theft,4673,1,13,25,174,80,13,14,6,6
3,1,theft,3373,9,37,1,29,47,8,45,12,5
4,8,mob,2324,3,39,7,931,51,12,28,5,9
1,3,fruad,1793,5,17,31,496,14,2,49,23,9
1,3,murder,3886,6,15,12,655,20,20,47,18,4
4,6,rowdy,3472,8,18,42,828,74,13,51,18,4
1,8,fruad,4422,6,23,5,351,43,20,21,3,8
2,9,murder,1492,3,30,44,554,10,9,3,18,4
1,9,mob,2886,6,34,42,299,92,15,56,8,2
2,4,theft,2740,1,4,38,720,11,6,51,15,2
2,5,rowdy,1976,4,3,12,842,94,3,5,26,1
4,2,fruad,3907,6,7,39,945,29,19,37,3,5
1,11,theft,889,7,18,18,192,70,22,25,5,6
4,9,fruad,1499,3,7,2,672,96,10,10,7,9
1,8,fruad,2355,9,6,10,64,30,15,25,26,5
1,3,rowdy,1158,7,22,15,755,97,19,16,28,6
3,11,murder,3263,1,1,30,770,77,3,23,23,6
1,12,theft,4163,2,4,44,664,21,21,27,15,3
4,9,mob,1981,1,29,17,215,31,21,34,30,4
2,3,fruad,4231,9,21,4,834,29,22,30,4,1
1,9,fruad,951,9,26,7,166,91,16,12,20,4
3,2,rowdy,2975,7,14,41,543,10,12,53,21,1
4,12,murder,3722,3,9,31,883,39,10,34,9,5
1,10,murder,2037,5,12,39,232,33,2,15,22,8
4,9,rowdy,3593,4,6,34,794,23,8,14,12,8
3,8,murder,1382,7,20,6,541,45,5,42,28,5
3,9,mob,4908,9,24,38,195,78,21,17,25,2
4,5,mob,4568,2,27,45,506,84,20,46,13,6
1,11,mob,3066,8,38,34,334,33,10,36,6,1
2,11,murder,3777,9,8,44,768,69,15,47,28,7
3,2,fruad,874,9,1,15,793,64,18,47,19,4
1,8,mob,4197,7,24,14,304,86,4,48,5,5
1,12,theft,3562,9,7,6,833,89,13,40,6,6
2,6,fruad,3750,9,19,37,437,33,16,26,4,1
3,8,mob,612,3,22,32,323,86,2,54,20,9
3,11,murder,3697,4,35,3,502,33,3,34,17,4
1,5,murder,2878,2,30,3,858,63,15,51,22,8
1,10,theft,2424,3,29,22,914,35,15,44,11,5
2,2,murder,639,5,22,22,393,75,20,53,5,8
2,6,theft,1924,5,11,10,806,89,3,34,26,1
3,5,murder,3449,6,20,3,599,47,18,27,0,8
4,12,fruad,3668,7,29,12,149,74,16,38,3,4
3,12,fruad,1016,7,34,29,761,84,12,37,18,2
1,5,mob,3116,1,1,48,833,60,21,8,11,6
3,1,murder,1387,2,31,17,405,44,22,11,14,2
4,2,theft,3604,9,30,7,283,52,23,14,2,5
2,8,mob,549,2,18,13,362,38,0,20,22,2
4,3,family,4451,6,17,2,379,46,11,51,26,3
4,10,theft,4060,1,38,4,198,90,3,34,27,6
4,3,theft,518,3,14,10,556,67,10,41,25,1
2,8,fruad,1973,2,23,39,356,63,4,32,19,6
4,8,murder,4561,3,25,24,540,48,1,50,30,3
4,2,mob,3106,5,15,17,429,51,16,18,27,7
4,8,fruad,951,6,22,6,17,37,7,54,7,2
1,11,mob,4265,9,3,19,639,38,5,22,10,6
4,1,murder,2938,4,19,5,379,52,20,12,15,8
2,6,murder,4810,7,34,32,680,12,8,43,8,1
4,8,theft,2049,6,35,10,506,19,12,0,2,9
4,3,fruad,3974,2,1,9,756,68,10,50,4,5
2,8,rowdy,627,8,21,27,899,23,15,28,19,5
4,12,theft,3261,7,29,13,76,85,15,23,13,5
2,1,murder,4956,7,6,19,231,56,1,15,27,6
4,11,theft,1915,8,37,21,716,51,9,24,25,2
2,11,rowdy,701,1,1,24,962,41,11,54,14,6
4,9,theft,2869,1,1,38,248,41,7,22,5,4
4,11,murder,1017,8,27,4,302,51,10,27,26,8
1,9,rowdy,1841,4,21,24,726,41,9,46,25,9
1,5,mob,2488,5,16,35,215,35,12,15,3,9
4,10,fruad,4045,8,26,3,158,10,16,42,7,8
4,4,murder,4302,5,16,4,69,65,6,55,18,3
3,11,mob,3775,4,28,37,393,11,23,37,26,4
